{"access_time": [2.164053201675415, 1.7730181217193604, 1.692460536956787, 1.8340184688568115, 1.7344961166381836, 1.7615110874176025, 1.7071244716644287, 1.8586533069610596, 1.7459471225738525, 1.8691372871398926, 1.7167718410491943, 1.9560482501983643, 1.7998857498168945, 1.753291130065918, 1.747969388961792, 1.8823657035827637, 2.085449695587158, 1.7332661151885986, 1.790712833404541, 1.7097644805908203, 1.7323646545410156, 1.7961771488189697, 1.7527787685394287, 1.7181529998779297, 1.8070578575134277, 1.7590196132659912, 1.8033041954040527, 2.1295881271362305, 2.092029333114624, 1.735257863998413, 1.8286635875701904, 1.7907726764678955, 1.704383373260498, 1.7471868991851807, 1.6985125541687012, 1.7819454669952393, 1.6999094486236572, 1.7653024196624756, 1.758115530014038, 1.7500009536743164, 2.2124385833740234, 1.7771320343017578, 1.7486052513122559, 1.7717082500457764, 1.8832578659057617, 1.7666428089141846, 1.802217960357666, 1.8218014240264893, 1.828932285308838, 1.923311471939087, 1.7570216655731201, 2.3470935821533203, 1.8011817932128906, 1.8300647735595703, 1.7341346740722656, 1.829604148864746, 1.8822791576385498, 1.9169933795928955, 1.8721935749053955, 1.792405128479004, 1.7612202167510986, 1.8242616653442383, 1.9328114986419678, 1.7303087711334229, 1.8548603057861328, 1.7993953227996826, 1.7981855869293213, 2.0241148471832275, 1.7751028537750244, 1.7854063510894775, 1.770517349243164, 1.795236587524414, 1.8359649181365967, 1.9218261241912842, 1.9713757038116455, 1.7903401851654053, 1.8604669570922852, 1.8519630432128906, 1.8420584201812744, 1.7828161716461182, 1.832395076751709, 1.836704969406128, 2.067796230316162, 1.7962276935577393, 1.7236716747283936, 2.1871137619018555, 1.7872023582458496, 1.853654384613037, 1.7605485916137695, 1.7419853210449219, 1.9819061756134033, 1.7672090530395508, 1.8392794132232666, 2.12424373626709, 1.9324748516082764, 1.7309508323669434, 1.7321484088897705, 1.9190819263458252, 1.9461860656738281, 1.7758052349090576], "data_select_time": [0.009377717971801758, 0.018560409545898438, 0.020108938217163086, 0.008623600006103516, 0.011629581451416016, 0.018913984298706055, 0.01828789710998535, 0.02385878562927246, 0.017938613891601562, 0.018067598342895508, 0.019362449645996094, 0.01840066909790039, 0.01791071891784668, 0.018654346466064453, 0.017787933349609375, 0.0181882381439209, 0.01812911033630371, 0.010930061340332031, 0.02184462547302246, 0.017943859100341797, 0.018102407455444336, 0.018033981323242188, 0.0195920467376709, 0.009553909301757812, 0.018865585327148438, 0.017539024353027344, 0.019295930862426758, 0.018065690994262695, 0.017522573471069336, 0.017932891845703125, 0.018393754959106445, 0.016951322555541992, 0.0182797908782959, 0.01906871795654297, 0.018688440322875977, 0.01793503761291504, 0.018181324005126953, 0.017815351486206055, 0.01798248291015625, 0.012729406356811523, 0.01822805404663086, 0.018307924270629883, 0.018123865127563477, 0.01898932456970215, 0.018731355667114258, 0.012287378311157227, 0.01838064193725586, 0.01801323890686035, 0.016814470291137695, 0.01830148696899414, 0.018234729766845703, 0.017989635467529297, 0.01844501495361328, 0.01820826530456543, 0.018336057662963867, 0.01807713508605957, 0.018015623092651367, 0.018373727798461914, 0.01079416275024414, 0.017863988876342773, 0.017957687377929688, 0.01791834831237793, 0.0183560848236084, 0.016076087951660156, 0.018193721771240234, 0.0179750919342041, 0.007723093032836914, 0.023338794708251953, 0.018610239028930664, 0.018404245376586914, 0.017826557159423828, 0.018291950225830078, 0.0180361270904541, 0.01797938346862793, 0.01885223388671875, 0.01792430877685547, 0.0173647403717041, 0.018136024475097656, 0.017871856689453125, 0.01860213279724121, 0.01816415786743164, 0.017983675003051758, 0.018250465393066406, 0.018208026885986328, 0.01818561553955078, 0.01830291748046875, 0.019272565841674805, 0.018832683563232422, 0.010390281677246094, 0.018427610397338867, 0.01818680763244629, 0.017351150512695312, 0.01958012580871582, 0.017908811569213867, 0.017838001251220703, 0.018943309783935547, 0.019012451171875, 0.019056320190429688, 0.018147945404052734, 0.018117666244506836], "download_time": [4.723063707351685, 4.506035566329956, 4.727836608886719, 4.534127235412598, 4.955703258514404, 5.673079252243042, 4.591372728347778, 4.538331031799316, 4.460290908813477, 4.845747947692871, 4.936283349990845, 4.492030382156372, 4.745490312576294, 4.646709442138672, 4.62727952003479, 4.86183500289917, 5.319580078125, 4.885278940200806, 4.578994274139404, 4.601560115814209, 4.574158668518066, 4.680334806442261, 4.748099327087402, 4.687331438064575, 4.538853883743286, 4.701267242431641, 5.108992338180542, 4.979933500289917, 5.103263854980469, 4.718018293380737, 4.757570266723633, 4.425687313079834, 4.6612021923065186, 4.5548951625823975, 4.401479959487915, 4.521203517913818, 4.614900350570679, 4.529756784439087, 5.031625986099243, 5.37157130241394, 4.4366326332092285, 4.630892753601074, 4.710413217544556, 4.756142854690552, 4.883024454116821, 4.760312557220459, 4.749627113342285, 4.674662113189697, 4.6781086921691895, 5.069579839706421, 5.374337434768677, 4.679346323013306, 4.875251531600952, 4.629400253295898, 4.676071882247925, 4.699069499969482, 4.706952333450317, 4.664661884307861, 4.713703155517578, 4.576395511627197, 4.616774797439575, 4.93034291267395, 5.354735612869263, 4.648859024047852, 4.810567140579224, 4.664196491241455, 4.556811094284058, 4.695962905883789, 4.777736663818359, 4.440819263458252, 4.912955045700073, 4.937306880950928, 5.00488805770874, 5.59529185295105, 4.7280051708221436, 5.191259384155273, 4.792201280593872, 4.856773376464844, 4.727895259857178, 4.647317171096802, 4.69537353515625, 4.714446306228638, 4.767397165298462, 5.533538341522217, 5.584190368652344, 4.972856521606445, 4.47187066078186, 4.632641792297363, 4.6464807987213135, 4.789417028427124, 4.4718897342681885, 4.463381290435791, 4.6004862785339355, 4.768727540969849, 5.161282300949097, 5.83953595161438, 4.601393938064575, 4.886199712753296, 4.603938341140747, 4.5590150356292725],