{"access_time": [2.59157657623291, 2.55168080329895, 2.5914902687072754, 2.4588465690612793, 2.5086755752563477, 2.535236358642578, 2.5124759674072266, 2.5145862102508545, 2.484151840209961, 2.421818256378174, 2.9013218879699707, 2.3983821868896484, 2.450279951095581, 2.5777597427368164, 2.479321002960205, 2.5026731491088867, 2.386484384536743, 2.485727548599243, 2.6405277252197266, 2.656085252761841, 2.5614571571350098, 2.5586185455322266, 2.7896409034729004, 2.5275747776031494, 2.494824171066284, 2.4766597747802734, 2.5591671466827393, 2.5265612602233887, 2.474944591522217, 2.5451693534851074, 3.7215888500213623, 2.4567489624023438, 2.6093783378601074, 2.5058066844940186, 2.5202651023864746, 2.487973928451538, 2.5015525817871094, 2.436323642730713, 2.6646883487701416, 2.4833059310913086, 2.397947072982788, 2.4795727729797363, 2.522705316543579, 2.4352338314056396, 2.476285696029663, 2.3658676147460938, 2.49448823928833, 2.411905288696289, 2.3911263942718506, 2.367384672164917, 2.5776026248931885, 2.400845766067505, 2.3712234497070312, 2.5791099071502686, 2.5235166549682617, 2.441241502761841, 2.5051026344299316, 2.4649667739868164, 2.4627819061279297, 2.4951014518737793, 2.488103151321411, 2.406020402908325, 2.583820343017578, 2.657168388366699, 2.5349528789520264, 2.4807333946228027, 2.4146788120269775, 2.6592116355895996, 2.5467748641967773, 2.437249183654785, 2.4913017749786377, 2.908578395843506, 2.5318708419799805, 2.518998384475708, 2.464022159576416, 2.4550013542175293, 2.472480535507202, 2.590670347213745, 2.467435359954834, 2.536301851272583, 2.3506553173065186, 2.392266273498535, 2.602778196334839, 2.439753770828247, 2.7282514572143555, 2.529675245285034, 2.4012904167175293, 2.618086338043213, 2.3506133556365967, 2.606294870376587, 2.4553582668304443, 2.489407777786255, 2.3544859886169434, 2.412287950515747, 2.445035457611084, 2.8471908569335938, 2.4530718326568604, 2.6084718704223633, 2.3752174377441406, 2.492239236831665], "data_select_time": [0.017623424530029297, 0.019185304641723633, 0.010598897933959961, 0.020284414291381836, 0.019430875778198242, 0.01857161521911621, 0.01854252815246582, 0.02024984359741211, 0.01966261863708496, 0.018471956253051758, 0.017780780792236328, 0.018386125564575195, 0.018761396408081055, 0.009942770004272461, 0.019314289093017578, 0.01863241195678711, 0.018632888793945312, 0.018825769424438477, 0.019615888595581055, 0.019370317459106445, 0.019768714904785156, 0.018414735794067383, 0.014047384262084961, 0.019026517868041992, 0.01851177215576172, 0.018434524536132812, 0.019031763076782227, 0.02078557014465332, 0.018622636795043945, 0.020201444625854492, 0.01603102684020996, 0.018413305282592773, 0.020054340362548828, 0.017563819885253906, 0.019710540771484375, 0.020094633102416992, 0.020160913467407227, 0.019339799880981445, 0.01985955238342285, 0.020563125610351562, 0.020465850830078125, 0.01938772201538086, 0.0185549259185791, 0.019145488739013672, 0.01936030387878418, 0.01989459991455078, 0.019857168197631836, 0.015346527099609375, 0.01019430160522461, 0.008564472198486328, 0.012775659561157227, 0.015582084655761719, 0.008358240127563477, 0.019468069076538086, 0.019352436065673828, 0.01946234703063965, 0.02104496955871582, 0.020314693450927734, 0.022039175033569336, 0.019886493682861328, 0.01918506622314453, 0.019505977630615234, 0.01886916160583496, 0.019236087799072266, 0.0181427001953125, 0.012268543243408203, 0.021976709365844727, 0.01707935333251953, 0.018579959869384766, 0.018642187118530273, 0.02007746696472168, 0.01910686492919922, 0.014600038528442383, 0.018856287002563477, 0.019692182540893555, 0.020664691925048828, 0.01947927474975586, 0.018637895584106445, 0.013223409652709961, 0.018706321716308594, 0.018874406814575195, 0.019821643829345703, 0.01967763900756836, 0.009114980697631836, 0.019796133041381836, 0.01881718635559082, 0.018574953079223633, 0.07620477676391602, 0.01927018165588379, 0.018880605697631836, 0.018678903579711914, 0.01035618782043457, 0.017905235290527344, 0.019167423248291016, 0.018529415130615234, 0.0191650390625, 0.01894688606262207, 0.019133567810058594, 0.018625736236572266, 0.019064903259277344], "download_time": [24.295987367630005, 17.625008583068848, 15.546599626541138, 15.904515266418457, 15.696345567703247, 17.38360595703125, 15.538919448852539, 16.081165552139282, 15.195576667785645, 16.264867544174194, 16.272544145584106, 15.589974164962769, 15.474138259887695, 16.029801607131958, 16.848588943481445, 15.858967781066895, 16.23950695991516, 16.25079107284546, 16.383422374725342, 15.864543676376343, 15.920175790786743, 16.409353256225586, 16.230190753936768, 16.434545040130615, 16.063952684402466, 16.51469087600708, 16.999014377593994, 15.926578044891357, 15.826656579971313, 16.81926155090332, 16.489240646362305, 15.82935643196106, 15.691705465316772, 16.180548429489136, 16.277884006500244, 15.651697158813477, 15.520439147949219, 15.584389925003052, 15.995585203170776, 15.523602485656738, 14.776513814926147, 15.693168878555298, 16.211549043655396, 15.360217809677124, 15.293931245803833, 15.574497938156128, 16.42406463623047, 15.13125729560852, 15.313246250152588, 15.237788915634155, 17.099002599716187, 15.242616653442383, 15.306928157806396, 15.51996660232544, 17.306846141815186, 15.336485385894775, 15.162482738494873, 15.362699270248413, 16.93819260597229, 15.177656888961792, 15.161611557006836, 15.173046112060547, 16.205466747283936, 16.044973850250244, 15.733715772628784, 15.41342306137085, 16.710147380828857, 16.102017879486084, 15.616522312164307, 15.659001350402832, 16.3552405834198, 16.06921100616455, 15.478544235229492, 15.766398191452026, 16.638763666152954, 16.05583381652832, 15.49466609954834, 15.933513164520264, 16.16533136367798, 16.031359672546387, 15.749009847640991, 15.855247497558594, 16.37586784362793, 16.618571758270264, 15.89711332321167, 15.799487829208374, 16.01679515838623, 16.456040382385254, 15.41689920425415, 15.50826621055603, 15.573528528213501, 16.551837682724, 16.050676584243774, 15.697399377822876, 16.128729581832886, 18.07573628425598, 15.663030862808228, 15.805640697479248, 17.77539086341858, 16.77580237388611],