{"download_time": [7.430052995681763, 5.3467042446136475, 4.847897291183472, 3.7154881954193115, 5.273087978363037, 5.6186606884002686, 5.032812118530273, 4.560927629470825, 5.823559999465942, 4.652552127838135, 6.098314046859741, 5.123717546463013, 3.8739683628082275, 4.90755558013916, 4.548997402191162, 5.380884408950806, 5.258369445800781, 4.8744730949401855, 5.087688684463501, 4.461938858032227, 4.955291271209717, 4.801589012145996, 4.389464378356934, 5.734375, 6.227406024932861, 5.27956485748291, 4.787003040313721, 4.965458393096924, 6.060892343521118, 4.829487562179565, 5.959190368652344, 7.008400201797485, 5.190455198287964, 5.64909029006958, 5.38645601272583, 5.068107604980469, 5.946005821228027, 5.362659692764282, 4.358870267868042, 6.456705808639526, 4.12301230430603, 4.625669240951538, 4.650027751922607, 4.013671875, 5.844452142715454, 4.542997360229492, 4.649952411651611, 5.175255060195923, 4.624704360961914, 4.760998964309692, 6.4973671436309814, 5.120175123214722, 6.083446264266968, 7.480234384536743, 5.301249980926514, 6.354791641235352, 5.88012433052063, 5.087712049484253, 4.1908323764801025, 6.407110691070557, 6.22246789932251, 7.092501640319824, 5.851277828216553, 4.713942289352417, 3.859747886657715, 4.893754243850708, 5.4339599609375, 5.925765752792358, 5.269580364227295, 6.320844411849976, 5.627269506454468, 5.33818244934082, 5.995587110519409, 4.229348182678223, 5.399103403091431, 4.821217060089111, 5.083918571472168, 5.165353298187256, 4.75070858001709, 4.964660406112671, 5.066843271255493, 4.581297159194946, 4.176421403884888, 5.180816650390625, 5.4347968101501465, 4.863966226577759, 5.251178741455078, 5.0221710205078125, 5.274247169494629, 4.954432249069214, 4.231298923492432, 4.5254809856414795, 7.242631196975708, 4.4061033725738525, 7.763152837753296, 5.390474796295166, 4.927156209945679, 5.059237480163574, 4.649293422698975, 5.070209980010986], "transform_time": [0.6638891696929932, 0.2707242965698242, 0.255084753036499, 0.28999972343444824, 0.2943301200866699, 0.2805814743041992, 0.2222754955291748, 0.22753214836120605, 0.2252047061920166, 0.21710968017578125, 0.2304246425628662, 0.2539803981781006, 0.24703335762023926, 0.2194349765777588, 0.35532712936401367, 0.2376103401184082, 0.2431018352508545, 0.23303699493408203, 0.19785642623901367, 0.23143982887268066, 0.2970461845397949, 0.22075533866882324, 0.32240772247314453, 0.23798680305480957, 0.2374424934387207, 0.2444298267364502, 0.22850441932678223, 0.22809076309204102, 0.23342347145080566, 0.2271578311920166, 0.28650879859924316, 0.22617316246032715, 0.2335832118988037, 0.22620940208435059, 0.2804584503173828, 0.22826147079467773, 0.234025239944458, 0.24624419212341309, 0.2809162139892578, 0.2367541790008545, 0.21996021270751953, 0.21676015853881836, 0.21948766708374023, 0.2379012107849121, 0.24511170387268066, 0.2198624610900879, 0.28855133056640625, 0.22923874855041504, 0.23286056518554688, 0.2226729393005371, 0.2296767234802246, 0.21822524070739746, 0.23407196998596191, 0.23104047775268555, 0.2204303741455078, 0.23524260520935059, 0.28687095642089844, 0.2264254093170166, 0.2780294418334961, 0.21996688842773438, 0.22438359260559082, 0.2948894500732422, 0.22878408432006836, 0.21783852577209473, 0.24216222763061523, 0.27380919456481934, 0.23589468002319336, 0.22758722305297852, 0.2344648838043213, 0.22736334800720215, 0.2292160987854004, 0.20756196975708008, 0.20577359199523926, 0.21853256225585938, 0.24935269355773926, 0.23428821563720703, 0.2782256603240967, 0.1996309757232666, 0.2295222282409668, 0.27391505241394043, 0.23083925247192383, 0.22039008140563965, 0.22546648979187012, 0.22907042503356934, 0.24070978164672852, 0.22590875625610352, 0.23683977127075195, 0.20119142532348633, 0.22978448867797852, 0.22551751136779785, 0.2477424144744873, 0.2608764171600342, 0.23350214958190918, 0.23030734062194824, 0.2270057201385498, 0.2207658290863037, 0.22192811965942383, 0.22986078262329102, 0.23842620849609375, 0.22576212882995605], "xarray_time": [0.559394121170044, 0.00581049919128418, 0.005448102951049805, 0.005810976028442383, 0.005265951156616211, 0.0052623748779296875, 0.0058400630950927734, 0.005337953567504883, 0.005151033401489258, 0.006008148193359375, 0.005285978317260742, 0.005317211151123047, 0.0060024261474609375, 0.005170345306396484, 0.0051348209381103516, 0.005793094635009766, 0.005280256271362305, 0.005136013031005859, 0.005830049514770508, 0.005148887634277344, 0.0051763057708740234, 0.0057108402252197266, 0.005125999450683594, 0.005191802978515625, 0.00568699836730957, 0.005265474319458008, 0.0056018829345703125, 0.005987882614135742, 0.005051612854003906, 0.005108833312988281, 0.006664276123046875, 0.005114078521728516, 0.0053675174713134766, 0.005705833435058594, 0.005351543426513672, 0.005184650421142578, 0.005766868591308594, 0.005236625671386719, 0.005258321762084961, 0.005705118179321289, 0.005218982696533203, 0.005383014678955078, 0.006121158599853516, 0.0053844451904296875, 0.005231618881225586, 0.005703926086425781, 0.005316972732543945, 0.005292415618896484, 0.0058057308197021484, 0.005451679229736328, 0.005179643630981445, 0.005692005157470703, 0.0051441192626953125, 0.005426645278930664, 0.00578618049621582, 0.005191802978515625, 0.0053827762603759766, 0.006097078323364258, 0.005202770233154297, 0.005238533020019531, 0.005154848098754883, 0.0054073333740234375, 0.005670070648193359, 0.0052051544189453125, 0.0051555633544921875, 0.006311178207397461, 0.005357980728149414, 0.005143880844116211, 0.005779266357421875, 0.005165576934814453, 0.005187273025512695, 0.006192207336425781, 0.005307435989379883, 0.0053784847259521484, 0.006252765655517578, 0.005189418792724609, 0.0054721832275390625, 0.005980968475341797, 0.005480289459228516, 0.00513458251953125, 0.005814313888549805, 0.005369663238525391, 0.005487203598022461, 0.005831480026245117, 0.005409955978393555, 0.005160808563232422, 0.006258726119995117, 0.005190372467041016, 0.005114078521728516, 0.006275177001953125, 0.005335092544555664, 0.005270719528198242, 0.005952119827270508, 0.005870819091796875, 0.005177736282348633, 0.005739927291870117, 0.005373477935791016, 0.005175113677978516, 0.0057332515716552734, 0.0051877498626708984],