{"download_time": [8.372281551361084, 5.547660827636719, 5.950698614120483, 10.249213457107544, 6.424158573150635, 8.02552580833435, 6.0093302726745605, 5.349103689193726, 7.262646436691284, 7.594394683837891], "transform_time": [0.9601702690124512, 0.44617652893066406, 0.4437441825866699, 0.4861264228820801, 0.4324650764465332, 0.48202085494995117, 0.49425172805786133, 0.485823392868042, 0.4302513599395752, 0.4225132465362549], "xarray_time": [0.5725469589233398, 0.011934757232666016, 0.011787652969360352, 0.013791561126708984, 0.011399030685424805, 0.01220250129699707, 0.012394189834594727, 0.012985706329345703, 0.011208295822143555, 0.012181758880615234], "end_to_end_times": [9.904998779296875, 6.005772113800049, 6.406230449676514, 10.749131441116333, 6.868022680282593, 8.519749164581299, 6.515976190567017, 5.847912788391113, 7.704106092453003, 8.02908968925476], "products_size": [2.7649307250976562, 2.7649307250976562, 2.7649307250976562, 2.7649307250976562, 2.7649307250976562, 2.7649307250976562, 2.7649307250976562, 2.7649307250976562, 2.7649307250976562, 2.7649307250976562], "request_issues": 0}