{"download_time": [5.693967819213867, 11.72799563407898, 7.968932628631592, 5.959614992141724, 6.822927236557007, 8.922318696975708, 11.363349437713623, 18.136940956115723, 10.632106065750122, 8.827003240585327], "data_processing": [1.1487383842468262, 0.5862467288970947, 0.5902395248413086, 0.5884201526641846, 0.5913467407226562, 0.5929830074310303, 0.5975039005279541, 0.6146104335784912, 0.7711820602416992, 0.605006217956543], "animation": [48.248923778533936, 48.105650424957275, 48.35893368721008, 48.22438168525696, 47.614858627319336, 47.73645615577698, 48.12283420562744, 47.86617350578308, 48.40038180351257, 47.925129890441895], "end_to_end": [55.09162998199463, 60.41989278793335, 56.91810584068298, 54.772416830062866, 55.029132604599, 57.251757860183716, 60.08368754386902, 66.6177248954773, 59.803669929504395, 57.357139348983765], "request_issues": [0, 0, 0, 0, 0, 0, 0, 0, 0, 0]}