{"download_time": [46.53661274909973, 41.356698751449585, 47.502602338790894, 44.04469680786133, 42.380598068237305, 37.951435565948486, 40.97763133049011, 41.56064772605896, 41.8374285697937, 38.024216175079346], "data_processing": [0.07678484916687012, 0.07415246963500977, 0.07127213478088379, 0.07275891304016113, 0.07267999649047852, 0.0733647346496582, 0.08048272132873535, 0.07141351699829102, 0.07348990440368652, 0.07486534118652344], "animation": [47.859439849853516, 47.67105793952942, 47.819040060043335, 47.75043296813965, 47.701924324035645, 47.73047399520874, 47.98789739608765, 47.614033937454224, 47.80084800720215, 47.85406041145325], "end_to_end": [94.47283744812012, 89.10190916061401, 95.39291453361511, 91.86788868904114, 90.15520238876343, 85.75527429580688, 89.0460114479065, 89.24609518051147, 89.71176648139954, 85.95314192771912], "request_issues": [0, 0, 0, 0, 0, 0, 0, 0, 0, 0]}