{
    "download_time": [
        43.19119834899902,
        42.72866177558899,
        42.62734651565552
    ],
    "data_processing": [
        0.07764434814453125,
        0.07151126861572266,
        0.08106255531311035
    ],
    "animation": [
        47.32943296432495,
        48.2751042842865,
        47.21313190460205
    ],
    "end_to_end": [
        90.5982756614685,
        91.07527732849121,
        89.92154097557068
    ],
    "request_issues": [
        0,
        0,
        0
    ]
}