{"download_time": [45.88212513923645, 42.98533034324646, 42.91224431991577, 43.06692934036255, 42.91534376144409, 43.38238286972046, 43.4541597366333, 43.376439332962036, 43.484734296798706, 43.50528335571289], "data_processing": [0.07924485206604004, 0.0858299732208252, 0.0722055435180664, 0.07306790351867676, 0.07275271415710449, 0.07429170608520508, 0.07271933555603027, 0.07325100898742676, 0.07663583755493164, 0.07503390312194824], "animation": [48.57795596122742, 48.06067943572998, 47.90967392921448, 48.016425132751465, 47.88850116729736, 48.17981290817261, 47.73039650917053, 47.52292060852051, 48.221781492233276, 48.041261196136475], "end_to_end": [94.53932595252991, 91.13183975219727, 90.89412379264832, 91.15642237663269, 90.87659764289856, 91.63648748397827, 91.25727558135986, 90.97261095046997, 91.78315162658691, 91.62157845497131], "request_issues": [0, 0, 0, 0, 0, 0, 0, 0, 0, 0]}